HourDK,p_t_hat
2022-09-01 00:00:00,0.0
2022-09-01 01:00:00,1949.0
2022-09-01 02:00:00,0.0
2022-09-01 03:00:00,2711.0
2022-09-01 04:00:00,3126.0
2022-09-01 05:00:00,30000.0
2022-09-01 06:00:00,30000.0
2022-09-01 07:00:00,0.0
2022-09-01 08:00:00,0.0
2022-09-01 09:00:00,0.0
2022-09-01 10:00:00,2839.0
2022-09-01 11:00:00,2478.0
2022-09-01 12:00:00,2530.0
2022-09-01 13:00:00,30000.0
2022-09-01 14:00:00,2147.0
2022-09-01 15:00:00,2446.0
2022-09-01 16:00:00,30000.0
2022-09-01 17:00:00,30000.0
2022-09-01 18:00:00,30000.0
2022-09-01 19:00:00,1871.0
2022-09-01 20:00:00,0.0
2022-09-01 21:00:00,1995.0
2022-09-01 22:00:00,1130.0
2022-09-01 23:00:00,1374.0
2022-09-02 00:00:00,1199.0
2022-09-02 01:00:00,1113.0
2022-09-02 02:00:00,1018.0
2022-09-02 03:00:00,30000.0
2022-09-02 04:00:00,30000.0
2022-09-02 05:00:00,30000.0
2022-09-02 06:00:00,30000.0
2022-09-02 07:00:00,30000.0
2022-09-02 08:00:00,-0.0
2022-09-02 09:00:00,-0.0
2022-09-02 10:00:00,305.0
2022-09-02 11:00:00,220.0
2022-09-02 12:00:00,138.0
2022-09-02 13:00:00,30000.0
2022-09-02 14:00:00,30000.0
2022-09-02 15:00:00,30000.0
2022-09-02 16:00:00,30000.0
2022-09-02 17:00:00,30000.0
2022-09-02 18:00:00,30000.0
2022-09-02 19:00:00,2342.0
2022-09-02 20:00:00,2676.0
2022-09-02 21:00:00,2658.0
2022-09-02 22:00:00,3537.0
2022-09-02 23:00:00,30000.0
2022-09-03 00:00:00,-0.0
2022-09-03 01:00:00,-0.0
2022-09-03 02:00:00,30000.0
2022-09-03 03:00:00,0.0
2022-09-03 04:00:00,30000.0
2022-09-03 05:00:00,30000.0
2022-09-03 06:00:00,30000.0
2022-09-03 07:00:00,30000.0
2022-09-03 08:00:00,2445.0
2022-09-03 09:00:00,0.0
2022-09-03 10:00:00,0.0
2022-09-03 11:00:00,0.0
2022-09-03 12:00:00,0.0
2022-09-03 13:00:00,30000.0
2022-09-03 14:00:00,30000.0
2022-09-03 15:00:00,30000.0
2022-09-03 16:00:00,30000.0
2022-09-03 17:00:00,30000.0
2022-09-03 18:00:00,30000.0
2022-09-03 19:00:00,3932.0
2022-09-03 20:00:00,3188.0
2022-09-03 21:00:00,2236.0
2022-09-03 22:00:00,2202.0
2022-09-03 23:00:00,30000.0
2022-09-04 00:00:00,30000.0
2022-09-04 01:00:00,30000.0
2022-09-04 02:00:00,0.0
2022-09-04 03:00:00,0.0
2022-09-04 04:00:00,0.0
2022-09-04 05:00:00,0.0
2022-09-04 06:00:00,30000.0
2022-09-04 07:00:00,30000.0
2022-09-04 08:00:00,0.0
2022-09-04 09:00:00,0.0
2022-09-04 10:00:00,0.0
2022-09-04 11:00:00,0.0
2022-09-04 12:00:00,967.0
2022-09-04 13:00:00,30000.0
2022-09-04 14:00:00,30000.0
2022-09-04 15:00:00,30000.0
2022-09-04 16:00:00,30000.0
2022-09-04 17:00:00,30000.0
2022-09-04 18:00:00,30000.0
2022-09-04 19:00:00,563.0
2022-09-04 20:00:00,-0.0
2022-09-04 21:00:00,-0.0
2022-09-04 22:00:00,-0.0
2022-09-04 23:00:00,-0.0
2022-09-05 00:00:00,30000.0
2022-09-05 01:00:00,30000.0
2022-09-05 02:00:00,30000.0
2022-09-05 03:00:00,30000.0
2022-09-05 04:00:00,30000.0
2022-09-05 05:00:00,30000.0
2022-09-05 06:00:00,30000.0
2022-09-05 07:00:00,30000.0
2022-09-05 08:00:00,-0.0
2022-09-05 09:00:00,304.0
2022-09-05 10:00:00,196.0
2022-09-05 11:00:00,-0.0
2022-09-05 12:00:00,-0.0
2022-09-05 13:00:00,30000.0
2022-09-05 14:00:00,30000.0
2022-09-05 15:00:00,30000.0
2022-09-05 16:00:00,30000.0
2022-09-05 17:00:00,30000.0
2022-09-05 18:00:00,30000.0
2022-09-05 19:00:00,1415.0
2022-09-05 20:00:00,1232.0
2022-09-05 21:00:00,0.0
2022-09-05 22:00:00,1055.0
2022-09-05 23:00:00,1159.0
2022-09-06 00:00:00,30000.0
2022-09-06 01:00:00,30000.0
2022-09-06 02:00:00,-0.0
2022-09-06 03:00:00,30000.0
2022-09-06 04:00:00,30000.0
2022-09-06 05:00:00,30000.0
2022-09-06 06:00:00,30000.0
2022-09-06 07:00:00,30000.0
2022-09-06 08:00:00,-0.0
2022-09-06 09:00:00,-0.0
2022-09-06 10:00:00,-0.0
2022-09-06 11:00:00,789.0
2022-09-06 12:00:00,30000.0
2022-09-06 13:00:00,30000.0
2022-09-06 14:00:00,30000.0
2022-09-06 15:00:00,30000.0
2022-09-06 16:00:00,30000.0
2022-09-06 17:00:00,30000.0
2022-09-06 18:00:00,30000.0
2022-09-06 19:00:00,331.0
2022-09-06 20:00:00,113.0
2022-09-06 21:00:00,-0.0
2022-09-06 22:00:00,-0.0
2022-09-06 23:00:00,30000.0
2022-09-07 00:00:00,30000.0
2022-09-07 01:00:00,30000.0
2022-09-07 02:00:00,152.0
2022-09-07 03:00:00,30000.0
2022-09-07 04:00:00,30000.0
2022-09-07 05:00:00,30000.0
2022-09-07 06:00:00,30000.0
2022-09-07 07:00:00,30000.0
2022-09-07 08:00:00,-0.0
2022-09-07 09:00:00,44.0
2022-09-07 10:00:00,180.0
2022-09-07 11:00:00,-0.0
2022-09-07 12:00:00,350.0
2022-09-07 13:00:00,30000.0
2022-09-07 14:00:00,30000.0
2022-09-07 15:00:00,30000.0
2022-09-07 16:00:00,30000.0
2022-09-07 17:00:00,30000.0
2022-09-07 18:00:00,30000.0
2022-09-07 19:00:00,-0.0
2022-09-07 20:00:00,-0.0
2022-09-07 21:00:00,-0.0
2022-09-07 22:00:00,-0.0
2022-09-07 23:00:00,0.0
2022-09-08 00:00:00,963.0
2022-09-08 01:00:00,0.0
2022-09-08 02:00:00,30000.0
2022-09-08 03:00:00,30000.0
2022-09-08 04:00:00,-0.0
2022-09-08 05:00:00,30000.0
2022-09-08 06:00:00,30000.0
2022-09-08 07:00:00,30000.0
2022-09-08 08:00:00,212.0
2022-09-08 09:00:00,136.0
2022-09-08 10:00:00,62.0
2022-09-08 11:00:00,356.0
2022-09-08 12:00:00,675.0
2022-09-08 13:00:00,-0.0
2022-09-08 14:00:00,30000.0
2022-09-08 15:00:00,30000.0
2022-09-08 16:00:00,30000.0
2022-09-08 17:00:00,30000.0
2022-09-08 18:00:00,30000.0
2022-09-08 19:00:00,0.0
2022-09-08 20:00:00,0.0
2022-09-08 21:00:00,0.0
2022-09-08 22:00:00,0.0
2022-09-08 23:00:00,30000.0
2022-09-09 00:00:00,0.0
2022-09-09 01:00:00,1830.0
2022-09-09 02:00:00,30000.0
2022-09-09 03:00:00,30000.0
2022-09-09 04:00:00,30000.0
2022-09-09 05:00:00,30000.0
2022-09-09 06:00:00,30000.0
2022-09-09 07:00:00,30000.0
2022-09-09 08:00:00,3472.0
2022-09-09 09:00:00,2438.0
2022-09-09 10:00:00,0.0
2022-09-09 11:00:00,2652.0
2022-09-09 12:00:00,0.0
2022-09-09 13:00:00,3167.0
2022-09-09 14:00:00,0.0
2022-09-09 15:00:00,2611.0
2022-09-09 16:00:00,30000.0
2022-09-09 17:00:00,30000.0
2022-09-09 18:00:00,30000.0
2022-09-09 19:00:00,437.0
2022-09-09 20:00:00,189.0
2022-09-09 21:00:00,106.0
2022-09-09 22:00:00,-0.0
2022-09-09 23:00:00,30000.0
2022-09-10 00:00:00,166.0
2022-09-10 01:00:00,556.0
2022-09-10 02:00:00,-0.0
2022-09-10 03:00:00,30000.0
2022-09-10 04:00:00,30000.0
2022-09-10 05:00:00,30000.0
2022-09-10 06:00:00,30000.0
2022-09-10 07:00:00,30000.0
2022-09-10 08:00:00,30000.0
2022-09-10 09:00:00,-0.0
2022-09-10 10:00:00,0.0
2022-09-10 11:00:00,0.0
2022-09-10 12:00:00,0.0
2022-09-10 13:00:00,0.0
2022-09-10 14:00:00,30000.0
2022-09-10 15:00:00,30000.0
2022-09-10 16:00:00,2589.0
2022-09-10 17:00:00,2472.0
2022-09-10 18:00:00,30000.0
2022-09-10 19:00:00,0.0
2022-09-10 20:00:00,1229.0
2022-09-10 21:00:00,1544.0
2022-09-10 22:00:00,1334.0
2022-09-10 23:00:00,0.0
2022-09-11 00:00:00,-0.0
2022-09-11 01:00:00,-0.0
2022-09-11 02:00:00,-0.0
2022-09-11 03:00:00,1500.0
2022-09-11 04:00:00,30000.0
2022-09-11 05:00:00,30000.0
2022-09-11 06:00:00,2354.0
2022-09-11 07:00:00,2645.0
2022-09-11 08:00:00,3281.0
2022-09-11 09:00:00,0.0
2022-09-11 10:00:00,0.0
2022-09-11 11:00:00,0.0
2022-09-11 12:00:00,0.0
2022-09-11 13:00:00,0.0
2022-09-11 14:00:00,2869.0
2022-09-11 15:00:00,2866.0
2022-09-11 16:00:00,2513.0
2022-09-11 17:00:00,30000.0
2022-09-11 18:00:00,30000.0
2022-09-11 19:00:00,30000.0
2022-09-11 20:00:00,1334.0
2022-09-11 21:00:00,1101.0
2022-09-11 22:00:00,853.0
2022-09-11 23:00:00,-0.0
2022-09-12 00:00:00,30000.0
2022-09-12 01:00:00,-0.0
2022-09-12 02:00:00,0.0
2022-09-12 03:00:00,30000.0
2022-09-12 04:00:00,30000.0
2022-09-12 05:00:00,30000.0
2022-09-12 06:00:00,30000.0
2022-09-12 07:00:00,-0.0
2022-09-12 08:00:00,-0.0
2022-09-12 09:00:00,-0.0
2022-09-12 10:00:00,-0.0
2022-09-12 11:00:00,-0.0
2022-09-12 12:00:00,-0.0
2022-09-12 13:00:00,-0.0
2022-09-12 14:00:00,-0.0
2022-09-12 15:00:00,-0.0
2022-09-12 16:00:00,30000.0
2022-09-12 17:00:00,-0.0
2022-09-12 18:00:00,-0.0
2022-09-12 19:00:00,-0.0
2022-09-12 20:00:00,-0.0
2022-09-12 21:00:00,-0.0
2022-09-12 22:00:00,-0.0
2022-09-12 23:00:00,-0.0
2022-09-13 00:00:00,-0.0
2022-09-13 01:00:00,-0.0
2022-09-13 02:00:00,1.0
2022-09-13 03:00:00,526.0
2022-09-13 04:00:00,-0.0
2022-09-13 05:00:00,1041.0
2022-09-13 06:00:00,1049.0
2022-09-13 07:00:00,1239.0
2022-09-13 08:00:00,0.0
2022-09-13 09:00:00,0.0
2022-09-13 10:00:00,1823.0
2022-09-13 11:00:00,0.0
2022-09-13 12:00:00,0.0
2022-09-13 13:00:00,0.0
2022-09-13 14:00:00,30000.0
2022-09-13 15:00:00,30000.0
2022-09-13 16:00:00,30000.0
2022-09-13 17:00:00,30000.0
2022-09-13 18:00:00,0.0
2022-09-13 19:00:00,0.0
2022-09-13 20:00:00,0.0
2022-09-13 21:00:00,0.0
2022-09-13 22:00:00,0.0
2022-09-13 23:00:00,0.0
2022-09-14 00:00:00,-0.0
2022-09-14 01:00:00,-0.0
2022-09-14 02:00:00,1306.0
2022-09-14 03:00:00,1002.0
2022-09-14 04:00:00,682.0
2022-09-14 05:00:00,325.0
2022-09-14 06:00:00,30000.0
2022-09-14 07:00:00,30000.0
2022-09-14 08:00:00,-0.0
2022-09-14 09:00:00,-0.0
2022-09-14 10:00:00,314.0
2022-09-14 11:00:00,-0.0
2022-09-14 12:00:00,315.0
2022-09-14 13:00:00,316.0
2022-09-14 14:00:00,30000.0
2022-09-14 15:00:00,30000.0
2022-09-14 16:00:00,30000.0
2022-09-14 17:00:00,-0.0
2022-09-14 18:00:00,92.0
2022-09-14 19:00:00,-0.0
2022-09-14 20:00:00,-0.0
2022-09-14 21:00:00,-0.0
2022-09-14 22:00:00,31.0
2022-09-14 23:00:00,30000.0
2022-09-15 00:00:00,-0.0
2022-09-15 01:00:00,-0.0
2022-09-15 02:00:00,-0.0
2022-09-15 03:00:00,-0.0
2022-09-15 04:00:00,30000.0
2022-09-15 05:00:00,30000.0
2022-09-15 06:00:00,-0.0
2022-09-15 07:00:00,482.0
2022-09-15 08:00:00,30000.0
2022-09-15 09:00:00,701.0
2022-09-15 10:00:00,528.0
2022-09-15 11:00:00,475.0
2022-09-15 12:00:00,373.0
2022-09-15 13:00:00,317.0
2022-09-15 14:00:00,253.0
2022-09-15 15:00:00,30000.0
2022-09-15 16:00:00,30000.0
2022-09-15 17:00:00,30000.0
2022-09-15 18:00:00,30000.0
2022-09-15 19:00:00,30000.0
2022-09-15 20:00:00,384.0
2022-09-15 21:00:00,1389.0
2022-09-15 22:00:00,1843.0
2022-09-15 23:00:00,1272.0
2022-09-16 00:00:00,657.0
2022-09-16 01:00:00,820.0
2022-09-16 02:00:00,905.0
2022-09-16 03:00:00,30000.0
2022-09-16 04:00:00,30000.0
2022-09-16 05:00:00,30000.0
2022-09-16 06:00:00,30000.0
2022-09-16 07:00:00,30000.0
2022-09-16 08:00:00,153.0
2022-09-16 09:00:00,-0.0
2022-09-16 10:00:00,-0.0
2022-09-16 11:00:00,-0.0
2022-09-16 12:00:00,-0.0
2022-09-16 13:00:00,-0.0
2022-09-16 14:00:00,30000.0
2022-09-16 15:00:00,30000.0
2022-09-16 16:00:00,30000.0
2022-09-16 17:00:00,30000.0
2022-09-16 18:00:00,30000.0
2022-09-16 19:00:00,1456.0
2022-09-16 20:00:00,0.0
2022-09-16 21:00:00,0.0
2022-09-16 22:00:00,-0.0
2022-09-16 23:00:00,1529.0
2022-09-17 00:00:00,504.0
2022-09-17 01:00:00,163.0
2022-09-17 02:00:00,30000.0
2022-09-17 03:00:00,0.0
2022-09-17 04:00:00,30000.0
2022-09-17 05:00:00,30000.0
2022-09-17 06:00:00,30000.0
2022-09-17 07:00:00,30000.0
2022-09-17 08:00:00,510.0
2022-09-17 09:00:00,30000.0
2022-09-17 10:00:00,0.0
2022-09-17 11:00:00,1086.0
2022-09-17 12:00:00,2195.0
2022-09-17 13:00:00,2450.0
2022-09-17 14:00:00,30000.0
2022-09-17 15:00:00,30000.0
2022-09-17 16:00:00,30000.0
2022-09-17 17:00:00,30000.0
2022-09-17 18:00:00,30000.0
2022-09-17 19:00:00,0.0
2022-09-17 20:00:00,802.0
2022-09-17 21:00:00,679.0
2022-09-17 22:00:00,1152.0
2022-09-17 23:00:00,-0.0
2022-09-18 00:00:00,1075.0
2022-09-18 01:00:00,1321.0
2022-09-18 02:00:00,1464.0
2022-09-18 03:00:00,30000.0
2022-09-18 04:00:00,2602.0
2022-09-18 05:00:00,2698.0
2022-09-18 06:00:00,30000.0
2022-09-18 07:00:00,30000.0
2022-09-18 08:00:00,3290.0
2022-09-18 09:00:00,30000.0
2022-09-18 10:00:00,3152.0
2022-09-18 11:00:00,2993.0
2022-09-18 12:00:00,1969.0
2022-09-18 13:00:00,0.0
2022-09-18 14:00:00,2082.0
2022-09-18 15:00:00,2054.0
2022-09-18 16:00:00,30000.0
2022-09-18 17:00:00,1773.0
2022-09-18 18:00:00,1971.0
2022-09-18 19:00:00,1115.0
2022-09-18 20:00:00,0.0
2022-09-18 21:00:00,1021.0
2022-09-18 22:00:00,585.0
2022-09-18 23:00:00,478.0
2022-09-19 00:00:00,30000.0
2022-09-19 01:00:00,-0.0
2022-09-19 02:00:00,-0.0
2022-09-19 03:00:00,30000.0
2022-09-19 04:00:00,30000.0
2022-09-19 05:00:00,30000.0
2022-09-19 06:00:00,30000.0
2022-09-19 07:00:00,111.0
2022-09-19 08:00:00,-0.0
2022-09-19 09:00:00,-0.0
2022-09-19 10:00:00,-0.0
2022-09-19 11:00:00,-0.0
2022-09-19 12:00:00,-0.0
2022-09-19 13:00:00,30000.0
2022-09-19 14:00:00,202.0
2022-09-19 15:00:00,30000.0
2022-09-19 16:00:00,30000.0
2022-09-19 17:00:00,30000.0
2022-09-19 18:00:00,30000.0
2022-09-19 19:00:00,-0.0
2022-09-19 20:00:00,-0.0
2022-09-19 21:00:00,-0.0
2022-09-19 22:00:00,-0.0
2022-09-19 23:00:00,-0.0
2022-09-20 00:00:00,-0.0
2022-09-20 01:00:00,30000.0
2022-09-20 02:00:00,-0.0
2022-09-20 03:00:00,1470.0
2022-09-20 04:00:00,30000.0
2022-09-20 05:00:00,30000.0
2022-09-20 06:00:00,30000.0
2022-09-20 07:00:00,30000.0
2022-09-20 08:00:00,-0.0
2022-09-20 09:00:00,-0.0
2022-09-20 10:00:00,-0.0
2022-09-20 11:00:00,381.0
2022-09-20 12:00:00,321.0
2022-09-20 13:00:00,30000.0
2022-09-20 14:00:00,30000.0
2022-09-20 15:00:00,30000.0
2022-09-20 16:00:00,30000.0
2022-09-20 17:00:00,30000.0
2022-09-20 18:00:00,30000.0
2022-09-20 19:00:00,-0.0
2022-09-20 20:00:00,0.0
2022-09-20 21:00:00,0.0
2022-09-20 22:00:00,-0.0
2022-09-20 23:00:00,-0.0
2022-09-21 00:00:00,-0.0
2022-09-21 01:00:00,-0.0
2022-09-21 02:00:00,30000.0
2022-09-21 03:00:00,-0.0
2022-09-21 04:00:00,568.0
2022-09-21 05:00:00,30000.0
2022-09-21 06:00:00,30000.0
2022-09-21 07:00:00,-0.0
2022-09-21 08:00:00,-0.0
2022-09-21 09:00:00,-0.0
2022-09-21 10:00:00,-0.0
2022-09-21 11:00:00,-0.0
2022-09-21 12:00:00,30000.0
2022-09-21 13:00:00,30000.0
2022-09-21 14:00:00,30000.0
2022-09-21 15:00:00,30000.0
2022-09-21 16:00:00,30000.0
2022-09-21 17:00:00,30000.0
2022-09-21 18:00:00,30000.0
2022-09-21 19:00:00,4048.0
2022-09-21 20:00:00,0.0
2022-09-21 21:00:00,4849.0
2022-09-21 22:00:00,3953.0
2022-09-21 23:00:00,30000.0
2022-09-22 00:00:00,2231.0
2022-09-22 01:00:00,0.0
2022-09-22 02:00:00,0.0
2022-09-22 03:00:00,30000.0
2022-09-22 04:00:00,30000.0
2022-09-22 05:00:00,30000.0
2022-09-22 06:00:00,30000.0
2022-09-22 07:00:00,0.0
2022-09-22 08:00:00,0.0
2022-09-22 09:00:00,-0.0
2022-09-22 10:00:00,0.0
2022-09-22 11:00:00,-0.0
2022-09-22 12:00:00,0.0
2022-09-22 13:00:00,30000.0
2022-09-22 14:00:00,30000.0
2022-09-22 15:00:00,30000.0
2022-09-22 16:00:00,30000.0
2022-09-22 17:00:00,30000.0
2022-09-22 18:00:00,30000.0
2022-09-22 19:00:00,-0.0
2022-09-22 20:00:00,-0.0
2022-09-22 21:00:00,-0.0
2022-09-22 22:00:00,-0.0
2022-09-22 23:00:00,-0.0
2022-09-23 00:00:00,-0.0
2022-09-23 01:00:00,-0.0
2022-09-23 02:00:00,-0.0
2022-09-23 03:00:00,30000.0
2022-09-23 04:00:00,30000.0
2022-09-23 05:00:00,30000.0
2022-09-23 06:00:00,123.0
2022-09-23 07:00:00,-0.0
2022-09-23 08:00:00,-0.0
2022-09-23 09:00:00,-0.0
2022-09-23 10:00:00,-0.0
2022-09-23 11:00:00,-0.0
2022-09-23 12:00:00,-0.0
2022-09-23 13:00:00,401.0
2022-09-23 14:00:00,30000.0
2022-09-23 15:00:00,30000.0
2022-09-23 16:00:00,30000.0
2022-09-23 17:00:00,30000.0
2022-09-23 18:00:00,30000.0
2022-09-23 19:00:00,-0.0
2022-09-23 20:00:00,-0.0
2022-09-23 21:00:00,-0.0
2022-09-23 22:00:00,67.0
2022-09-23 23:00:00,30000.0
2022-09-24 00:00:00,-0.0
2022-09-24 01:00:00,-0.0
2022-09-24 02:00:00,-0.0
2022-09-24 03:00:00,-0.0
2022-09-24 04:00:00,30000.0
2022-09-24 05:00:00,30000.0
2022-09-24 06:00:00,30000.0
2022-09-24 07:00:00,-0.0
2022-09-24 08:00:00,30000.0
2022-09-24 09:00:00,-0.0
2022-09-24 10:00:00,-0.0
2022-09-24 11:00:00,-0.0
2022-09-24 12:00:00,-0.0
2022-09-24 13:00:00,30000.0
2022-09-24 14:00:00,30000.0
2022-09-24 15:00:00,30000.0
2022-09-24 16:00:00,-0.0
2022-09-24 17:00:00,30000.0
2022-09-24 18:00:00,30000.0
2022-09-24 19:00:00,-0.0
2022-09-24 20:00:00,-0.0
2022-09-24 21:00:00,-0.0
2022-09-24 22:00:00,0.0
2022-09-24 23:00:00,0.0
2022-09-25 00:00:00,0.0
2022-09-25 01:00:00,0.0
2022-09-25 02:00:00,0.0
2022-09-25 03:00:00,0.0
2022-09-25 04:00:00,1145.0
2022-09-25 05:00:00,1288.0
2022-09-25 06:00:00,1000.0
2022-09-25 07:00:00,441.0
2022-09-25 08:00:00,30000.0
2022-09-25 09:00:00,-0.0
2022-09-25 10:00:00,30000.0
2022-09-25 11:00:00,0.0
2022-09-25 12:00:00,0.0
2022-09-25 13:00:00,0.0
2022-09-25 14:00:00,30000.0
2022-09-25 15:00:00,30000.0
2022-09-25 16:00:00,30000.0
2022-09-25 17:00:00,30000.0
2022-09-25 18:00:00,30000.0
2022-09-25 19:00:00,-0.0
2022-09-25 20:00:00,-0.0
2022-09-25 21:00:00,-0.0
2022-09-25 22:00:00,0.0
2022-09-25 23:00:00,-0.0
2022-09-26 00:00:00,1056.0
2022-09-26 01:00:00,1367.0
2022-09-26 02:00:00,1523.0
2022-09-26 03:00:00,2452.0
2022-09-26 04:00:00,30000.0
2022-09-26 05:00:00,30000.0
2022-09-26 06:00:00,30000.0
2022-09-26 07:00:00,0.0
2022-09-26 08:00:00,0.0
2022-09-26 09:00:00,0.0
2022-09-26 10:00:00,0.0
2022-09-26 11:00:00,0.0
2022-09-26 12:00:00,30000.0
2022-09-26 13:00:00,3982.0
2022-09-26 14:00:00,30000.0
2022-09-26 15:00:00,30000.0
2022-09-26 16:00:00,30000.0
2022-09-26 17:00:00,30000.0
2022-09-26 18:00:00,30000.0
2022-09-26 19:00:00,731.0
2022-09-26 20:00:00,391.0
2022-09-26 21:00:00,376.0
2022-09-26 22:00:00,759.0
2022-09-26 23:00:00,1139.0
2022-09-27 00:00:00,0.0
2022-09-27 01:00:00,0.0
2022-09-27 02:00:00,0.0
2022-09-27 03:00:00,2376.0
2022-09-27 04:00:00,2807.0
2022-09-27 05:00:00,30000.0
2022-09-27 06:00:00,30000.0
2022-09-27 07:00:00,30000.0
2022-09-27 08:00:00,3131.0
2022-09-27 09:00:00,3648.0
2022-09-27 10:00:00,3900.0
2022-09-27 11:00:00,3124.0
2022-09-27 12:00:00,3373.0
2022-09-27 13:00:00,0.0
2022-09-27 14:00:00,30000.0
2022-09-27 15:00:00,30000.0
2022-09-27 16:00:00,30000.0
2022-09-27 17:00:00,30000.0
2022-09-27 18:00:00,1742.0
2022-09-27 19:00:00,0.0
2022-09-27 20:00:00,2162.0
2022-09-27 21:00:00,0.0
2022-09-27 22:00:00,0.0
2022-09-27 23:00:00,0.0
2022-09-28 00:00:00,0.0
2022-09-28 01:00:00,0.0
2022-09-28 02:00:00,0.0
2022-09-28 03:00:00,30000.0
2022-09-28 04:00:00,418.0
2022-09-28 05:00:00,261.0
2022-09-28 06:00:00,194.0
2022-09-28 07:00:00,111.0
2022-09-28 08:00:00,-0.0
2022-09-28 09:00:00,-0.0
2022-09-28 10:00:00,-0.0
2022-09-28 11:00:00,-0.0
2022-09-28 12:00:00,-0.0
2022-09-28 13:00:00,-0.0
2022-09-28 14:00:00,226.0
2022-09-28 15:00:00,530.0
2022-09-28 16:00:00,30000.0
2022-09-28 17:00:00,30000.0
2022-09-28 18:00:00,30000.0
2022-09-28 19:00:00,0.0
2022-09-28 20:00:00,1258.0
2022-09-28 21:00:00,1601.0
2022-09-28 22:00:00,1111.0
2022-09-28 23:00:00,-0.0
2022-09-29 00:00:00,0.0
2022-09-29 01:00:00,-0.0
2022-09-29 02:00:00,-0.0
2022-09-29 03:00:00,1600.0
2022-09-29 04:00:00,2240.0
2022-09-29 05:00:00,30000.0
2022-09-29 06:00:00,30000.0
2022-09-29 07:00:00,30000.0
2022-09-29 08:00:00,0.0
2022-09-29 09:00:00,0.0
2022-09-29 10:00:00,0.0
2022-09-29 11:00:00,2397.0
2022-09-29 12:00:00,0.0
2022-09-29 13:00:00,0.0
2022-09-29 14:00:00,30000.0
2022-09-29 15:00:00,30000.0
2022-09-29 16:00:00,30000.0
2022-09-29 17:00:00,30000.0
2022-09-29 18:00:00,30000.0
2022-09-29 19:00:00,1177.0
2022-09-29 20:00:00,2126.0
2022-09-29 21:00:00,2592.0
2022-09-29 22:00:00,0.0
2022-09-29 23:00:00,0.0
2022-09-30 00:00:00,0.0
2022-09-30 01:00:00,0.0
2022-09-30 02:00:00,0.0
2022-09-30 03:00:00,3213.0
2022-09-30 04:00:00,2973.0
2022-09-30 05:00:00,30000.0
2022-09-30 06:00:00,3973.0
2022-09-30 07:00:00,3778.0
2022-09-30 08:00:00,0.0
2022-09-30 09:00:00,0.0
2022-09-30 10:00:00,0.0
2022-09-30 11:00:00,0.0
2022-09-30 12:00:00,3539.0
2022-09-30 13:00:00,3128.0
2022-09-30 14:00:00,3014.0
2022-09-30 15:00:00,30000.0
2022-09-30 16:00:00,30000.0
2022-09-30 17:00:00,30000.0
2022-09-30 18:00:00,0.0
2022-09-30 19:00:00,0.0
2022-09-30 20:00:00,0.0
2022-09-30 21:00:00,0.0
2022-09-30 22:00:00,3220.0
2022-09-30 23:00:00,0.0
2022-10-01 00:00:00,3924.0
2022-10-01 01:00:00,0.0
2022-10-01 02:00:00,4047.0
2022-10-01 03:00:00,4672.0
2022-10-01 04:00:00,5040.0
2022-10-01 05:00:00,0.0
2022-10-01 06:00:00,30000.0
2022-10-01 07:00:00,30000.0
2022-10-01 08:00:00,30000.0
2022-10-01 09:00:00,30000.0
2022-10-01 10:00:00,0.0
2022-10-01 11:00:00,0.0
2022-10-01 12:00:00,0.0
2022-10-01 13:00:00,0.0
2022-10-01 14:00:00,2405.0
2022-10-01 15:00:00,30000.0
2022-10-01 16:00:00,30000.0
2022-10-01 17:00:00,30000.0
2022-10-01 18:00:00,30000.0
2022-10-01 19:00:00,2431.0
2022-10-01 20:00:00,1932.0
2022-10-01 21:00:00,1787.0
2022-10-01 22:00:00,1943.0
2022-10-01 23:00:00,2210.0
2022-10-02 00:00:00,1830.0
2022-10-02 01:00:00,1805.0
2022-10-02 02:00:00,30000.0
2022-10-02 03:00:00,1967.0
2022-10-02 04:00:00,30000.0
2022-10-02 05:00:00,1904.0
2022-10-02 06:00:00,30000.0
2022-10-02 07:00:00,30000.0
2022-10-02 08:00:00,30000.0
2022-10-02 09:00:00,0.0
2022-10-02 10:00:00,0.0
2022-10-02 11:00:00,0.0
2022-10-02 12:00:00,0.0
2022-10-02 13:00:00,30000.0
2022-10-02 14:00:00,30000.0
2022-10-02 15:00:00,30000.0
2022-10-02 16:00:00,30000.0
2022-10-02 17:00:00,30000.0
2022-10-02 18:00:00,30000.0
2022-10-02 19:00:00,1550.0
2022-10-02 20:00:00,0.0
2022-10-02 21:00:00,1546.0
2022-10-02 22:00:00,1290.0
2022-10-02 23:00:00,1635.0
2022-10-03 00:00:00,30000.0
2022-10-03 01:00:00,0.0
2022-10-03 02:00:00,30000.0
2022-10-03 03:00:00,30000.0
2022-10-03 04:00:00,30000.0
2022-10-03 05:00:00,30000.0
2022-10-03 06:00:00,30000.0
2022-10-03 07:00:00,30000.0
2022-10-03 08:00:00,0.0
2022-10-03 09:00:00,0.0
2022-10-03 10:00:00,0.0
2022-10-03 11:00:00,0.0
2022-10-03 12:00:00,30000.0
2022-10-03 13:00:00,2601.0
2022-10-03 14:00:00,30000.0
2022-10-03 15:00:00,30000.0
2022-10-03 16:00:00,30000.0
2022-10-03 17:00:00,30000.0
2022-10-03 18:00:00,30000.0
2022-10-03 19:00:00,0.0
2022-10-03 20:00:00,0.0
2022-10-03 21:00:00,2376.0
2022-10-03 22:00:00,2429.0
2022-10-03 23:00:00,3831.0
2022-10-04 00:00:00,4126.0
2022-10-04 01:00:00,0.0
2022-10-04 02:00:00,0.0
2022-10-04 03:00:00,30000.0
2022-10-04 04:00:00,30000.0
2022-10-04 05:00:00,4803.0
2022-10-04 06:00:00,30000.0
2022-10-04 07:00:00,30000.0
2022-10-04 08:00:00,0.0
2022-10-04 09:00:00,0.0
2022-10-04 10:00:00,0.0
2022-10-04 11:00:00,0.0
2022-10-04 12:00:00,4633.0
2022-10-04 13:00:00,3549.0
2022-10-04 14:00:00,30000.0
2022-10-04 15:00:00,30000.0
2022-10-04 16:00:00,30000.0
2022-10-04 17:00:00,30000.0
2022-10-04 18:00:00,3476.0
2022-10-04 19:00:00,0.0
2022-10-04 20:00:00,0.0
2022-10-04 21:00:00,3693.0
2022-10-04 22:00:00,4948.0
2022-10-04 23:00:00,5352.0
2022-10-05 00:00:00,30000.0
2022-10-05 01:00:00,5176.0
2022-10-05 02:00:00,5277.0
2022-10-05 03:00:00,5210.0
2022-10-05 04:00:00,4192.0
2022-10-05 05:00:00,30000.0
2022-10-05 06:00:00,30000.0
2022-10-05 07:00:00,2326.0
2022-10-05 08:00:00,0.0
2022-10-05 09:00:00,2551.0
2022-10-05 10:00:00,3385.0
2022-10-05 11:00:00,3230.0
2022-10-05 12:00:00,0.0
2022-10-05 13:00:00,0.0
2022-10-05 14:00:00,1872.0
2022-10-05 15:00:00,1698.0
2022-10-05 16:00:00,-0.0
2022-10-05 17:00:00,0.0
2022-10-05 18:00:00,0.0
2022-10-05 19:00:00,-0.0
2022-10-05 20:00:00,850.0
2022-10-05 21:00:00,30000.0
2022-10-05 22:00:00,770.0
2022-10-05 23:00:00,288.0
2022-10-06 00:00:00,64.0
2022-10-06 01:00:00,-0.0
2022-10-06 02:00:00,-0.0
2022-10-06 03:00:00,-0.0
2022-10-06 04:00:00,30000.0
2022-10-06 05:00:00,30000.0
2022-10-06 06:00:00,30000.0
2022-10-06 07:00:00,30000.0
2022-10-06 08:00:00,-0.0
2022-10-06 09:00:00,-0.0
2022-10-06 10:00:00,-0.0
2022-10-06 11:00:00,-0.0
2022-10-06 12:00:00,-0.0
2022-10-06 13:00:00,-0.0
2022-10-06 14:00:00,30000.0
2022-10-06 15:00:00,30000.0
2022-10-06 16:00:00,30000.0
2022-10-06 17:00:00,30000.0
2022-10-06 18:00:00,30000.0
2022-10-06 19:00:00,1.0
2022-10-06 20:00:00,1.0
2022-10-06 21:00:00,-0.0
2022-10-06 22:00:00,37.0
2022-10-06 23:00:00,214.0
2022-10-07 00:00:00,533.0
2022-10-07 01:00:00,450.0
2022-10-07 02:00:00,907.0
2022-10-07 03:00:00,1108.0
2022-10-07 04:00:00,1011.0
2022-10-07 05:00:00,783.0
2022-10-07 06:00:00,916.0
2022-10-07 07:00:00,1017.0
2022-10-07 08:00:00,-0.0
2022-10-07 09:00:00,847.0
2022-10-07 10:00:00,1021.0
2022-10-07 11:00:00,644.0
2022-10-07 12:00:00,767.0
2022-10-07 13:00:00,30000.0
2022-10-07 14:00:00,990.0
2022-10-07 15:00:00,30000.0
2022-10-07 16:00:00,30000.0
2022-10-07 17:00:00,30000.0
2022-10-07 18:00:00,658.0
2022-10-07 19:00:00,356.0
2022-10-07 20:00:00,30000.0
2022-10-07 21:00:00,30000.0
2022-10-07 22:00:00,671.0
2022-10-07 23:00:00,855.0
2022-10-08 00:00:00,30000.0
2022-10-08 01:00:00,30000.0
2022-10-08 02:00:00,30000.0
2022-10-08 03:00:00,90.0
2022-10-08 04:00:00,30000.0
2022-10-08 05:00:00,30000.0
2022-10-08 06:00:00,30000.0
2022-10-08 07:00:00,30000.0
2022-10-08 08:00:00,30000.0
2022-10-08 09:00:00,-0.0
2022-10-08 10:00:00,-0.0
2022-10-08 11:00:00,-0.0
2022-10-08 12:00:00,132.0
2022-10-08 13:00:00,51.0
2022-10-08 14:00:00,-0.0
2022-10-08 15:00:00,30000.0
2022-10-08 16:00:00,30000.0
2022-10-08 17:00:00,30000.0
2022-10-08 18:00:00,619.0
2022-10-08 19:00:00,30000.0
2022-10-08 20:00:00,30000.0
2022-10-08 21:00:00,691.0
2022-10-08 22:00:00,30000.0
2022-10-08 23:00:00,30000.0
2022-10-09 00:00:00,2756.0
2022-10-09 01:00:00,30000.0
2022-10-09 02:00:00,30000.0
2022-10-09 03:00:00,30000.0
2022-10-09 04:00:00,0.0
2022-10-09 05:00:00,30000.0
2022-10-09 06:00:00,4233.0
2022-10-09 07:00:00,4237.0
2022-10-09 08:00:00,0.0
2022-10-09 09:00:00,0.0
2022-10-09 10:00:00,0.0
2022-10-09 11:00:00,0.0
2022-10-09 12:00:00,0.0
2022-10-09 13:00:00,30000.0
2022-10-09 14:00:00,0.0
2022-10-09 15:00:00,30000.0
2022-10-09 16:00:00,30000.0
2022-10-09 17:00:00,30000.0
2022-10-09 18:00:00,4191.0
2022-10-09 19:00:00,0.0
2022-10-09 20:00:00,0.0
2022-10-09 21:00:00,0.0
2022-10-09 22:00:00,0.0
2022-10-09 23:00:00,30000.0
2022-10-10 00:00:00,4036.0
2022-10-10 01:00:00,4548.0
2022-10-10 02:00:00,4815.0
2022-10-10 03:00:00,30000.0
2022-10-10 04:00:00,30000.0
2022-10-10 05:00:00,30000.0
2022-10-10 06:00:00,30000.0
2022-10-10 07:00:00,30000.0
2022-10-10 08:00:00,0.0
2022-10-10 09:00:00,0.0
2022-10-10 10:00:00,0.0
2022-10-10 11:00:00,0.0
2022-10-10 12:00:00,0.0
2022-10-10 13:00:00,3953.0
2022-10-10 14:00:00,4245.0
2022-10-10 15:00:00,4060.0
2022-10-10 16:00:00,4005.0
2022-10-10 17:00:00,3711.0
2022-10-10 18:00:00,3634.0
2022-10-10 19:00:00,0.0
2022-10-10 20:00:00,0.0
2022-10-10 21:00:00,0.0
2022-10-10 22:00:00,0.0
2022-10-10 23:00:00,30000.0
2022-10-11 00:00:00,0.0
2022-10-11 01:00:00,0.0
2022-10-11 02:00:00,30000.0
2022-10-11 03:00:00,30000.0
2022-10-11 04:00:00,30000.0
2022-10-11 05:00:00,30000.0
2022-10-11 06:00:00,3575.0
2022-10-11 07:00:00,3081.0
2022-10-11 08:00:00,0.0
2022-10-11 09:00:00,0.0
2022-10-11 10:00:00,0.0
2022-10-11 11:00:00,0.0
2022-10-11 12:00:00,0.0
2022-10-11 13:00:00,30000.0
2022-10-11 14:00:00,30000.0
2022-10-11 15:00:00,30000.0
2022-10-11 16:00:00,3690.0
2022-10-11 17:00:00,30000.0
2022-10-11 18:00:00,30000.0
2022-10-11 19:00:00,0.0
2022-10-11 20:00:00,0.0
2022-10-11 21:00:00,3589.0
2022-10-11 22:00:00,2499.0
2022-10-11 23:00:00,1974.0
2022-10-12 00:00:00,-0.0
2022-10-12 01:00:00,-0.0
2022-10-12 02:00:00,-0.0
2022-10-12 03:00:00,30000.0
2022-10-12 04:00:00,30000.0
2022-10-12 05:00:00,30000.0
2022-10-12 06:00:00,30000.0
2022-10-12 07:00:00,-0.0
2022-10-12 08:00:00,-0.0
2022-10-12 09:00:00,0.0
2022-10-12 10:00:00,0.0
2022-10-12 11:00:00,834.0
2022-10-12 12:00:00,30000.0
2022-10-12 13:00:00,354.0
2022-10-12 14:00:00,30000.0
2022-10-12 15:00:00,30000.0
2022-10-12 16:00:00,70.0
2022-10-12 17:00:00,190.0
2022-10-12 18:00:00,30000.0
2022-10-12 19:00:00,-0.0
2022-10-12 20:00:00,131.0
2022-10-12 21:00:00,94.0
2022-10-12 22:00:00,76.0
2022-10-12 23:00:00,-0.0
2022-10-13 00:00:00,635.0
2022-10-13 01:00:00,-0.0
2022-10-13 02:00:00,0.0
2022-10-13 03:00:00,928.0
2022-10-13 04:00:00,30000.0
2022-10-13 05:00:00,30000.0
2022-10-13 06:00:00,30000.0
2022-10-13 07:00:00,30000.0
2022-10-13 08:00:00,-0.0
2022-10-13 09:00:00,-0.0
2022-10-13 10:00:00,-0.0
2022-10-13 11:00:00,-0.0
2022-10-13 12:00:00,174.0
2022-10-13 13:00:00,30000.0
2022-10-13 14:00:00,30000.0
2022-10-13 15:00:00,30000.0
2022-10-13 16:00:00,187.0
2022-10-13 17:00:00,-0.0
2022-10-13 18:00:00,-0.0
2022-10-13 19:00:00,-0.0
2022-10-13 20:00:00,-0.0
2022-10-13 21:00:00,-0.0
2022-10-13 22:00:00,-0.0
2022-10-13 23:00:00,-0.0
2022-10-14 00:00:00,-0.0
2022-10-14 01:00:00,-0.0
2022-10-14 02:00:00,-0.0
2022-10-14 03:00:00,30000.0
2022-10-14 04:00:00,30000.0
2022-10-14 05:00:00,30000.0
2022-10-14 06:00:00,-0.0
2022-10-14 07:00:00,30000.0
2022-10-14 08:00:00,-0.0
2022-10-14 09:00:00,-0.0
2022-10-14 10:00:00,-0.0
2022-10-14 11:00:00,-0.0
2022-10-14 12:00:00,-0.0
2022-10-14 13:00:00,17.0
2022-10-14 14:00:00,82.0
2022-10-14 15:00:00,61.0
2022-10-14 16:00:00,30000.0
2022-10-14 17:00:00,30000.0
2022-10-14 18:00:00,30000.0
2022-10-14 19:00:00,1365.0
2022-10-14 20:00:00,2527.0
2022-10-14 21:00:00,2704.0
2022-10-14 22:00:00,0.0
2022-10-14 23:00:00,0.0
2022-10-15 00:00:00,0.0
2022-10-15 01:00:00,0.0
2022-10-15 02:00:00,0.0
2022-10-15 03:00:00,0.0
2022-10-15 04:00:00,1041.0
2022-10-15 05:00:00,30000.0
2022-10-15 06:00:00,30000.0
2022-10-15 07:00:00,30000.0
2022-10-15 08:00:00,798.0
2022-10-15 09:00:00,0.0
2022-10-15 10:00:00,1353.0
2022-10-15 11:00:00,2035.0
2022-10-15 12:00:00,1751.0
2022-10-15 13:00:00,2263.0
2022-10-15 14:00:00,30000.0
2022-10-15 15:00:00,30000.0
2022-10-15 16:00:00,30000.0
2022-10-15 17:00:00,30000.0
2022-10-15 18:00:00,30000.0
2022-10-15 19:00:00,2700.0
2022-10-15 20:00:00,2191.0
2022-10-15 21:00:00,30000.0
2022-10-15 22:00:00,1527.0
2022-10-15 23:00:00,1712.0
2022-10-16 00:00:00,1835.0
2022-10-16 01:00:00,1947.0
2022-10-16 02:00:00,30000.0
2022-10-16 03:00:00,30000.0
2022-10-16 04:00:00,2956.0
2022-10-16 05:00:00,30000.0
2022-10-16 06:00:00,30000.0
2022-10-16 07:00:00,30000.0
2022-10-16 08:00:00,0.0
2022-10-16 09:00:00,1361.0
2022-10-16 10:00:00,0.0
2022-10-16 11:00:00,0.0
2022-10-16 12:00:00,-0.0
2022-10-16 13:00:00,30000.0
2022-10-16 14:00:00,30000.0
2022-10-16 15:00:00,699.0
2022-10-16 16:00:00,30000.0
2022-10-16 17:00:00,30000.0
2022-10-16 18:00:00,30000.0
2022-10-16 19:00:00,-0.0
2022-10-16 20:00:00,-0.0
2022-10-16 21:00:00,-0.0
2022-10-16 22:00:00,-0.0
2022-10-16 23:00:00,-0.0
2022-10-17 00:00:00,953.0
2022-10-17 01:00:00,740.0
2022-10-17 02:00:00,606.0
2022-10-17 03:00:00,645.0
2022-10-17 04:00:00,30000.0
2022-10-17 05:00:00,30000.0
2022-10-17 06:00:00,30000.0
2022-10-17 07:00:00,30000.0
2022-10-17 08:00:00,851.0
2022-10-17 09:00:00,976.0
2022-10-17 10:00:00,30000.0
2022-10-17 11:00:00,-0.0
2022-10-17 12:00:00,30000.0
2022-10-17 13:00:00,30000.0
2022-10-17 14:00:00,30000.0
2022-10-17 15:00:00,709.0
2022-10-17 16:00:00,475.0
2022-10-17 17:00:00,370.0
2022-10-17 18:00:00,250.0
2022-10-17 19:00:00,86.0
2022-10-17 20:00:00,164.0
2022-10-17 21:00:00,86.0
2022-10-17 22:00:00,-0.0
2022-10-17 23:00:00,71.0
2022-10-18 00:00:00,-0.0
2022-10-18 01:00:00,136.0
2022-10-18 02:00:00,-0.0
2022-10-18 03:00:00,30000.0
2022-10-18 04:00:00,-0.0
2022-10-18 05:00:00,30000.0
2022-10-18 06:00:00,30000.0
2022-10-18 07:00:00,-0.0
2022-10-18 08:00:00,-0.0
2022-10-18 09:00:00,321.0
2022-10-18 10:00:00,177.0
2022-10-18 11:00:00,-0.0
2022-10-18 12:00:00,-0.0
2022-10-18 13:00:00,1.0
2022-10-18 14:00:00,30000.0
2022-10-18 15:00:00,30000.0
2022-10-18 16:00:00,30000.0
2022-10-18 17:00:00,30000.0
2022-10-18 18:00:00,30000.0
2022-10-18 19:00:00,-0.0
2022-10-18 20:00:00,-0.0
2022-10-18 21:00:00,-0.0
2022-10-18 22:00:00,-0.0
2022-10-18 23:00:00,138.0
2022-10-19 00:00:00,53.0
2022-10-19 01:00:00,1.0
2022-10-19 02:00:00,30000.0
2022-10-19 03:00:00,30000.0
2022-10-19 04:00:00,30000.0
2022-10-19 05:00:00,1.0
2022-10-19 06:00:00,30000.0
2022-10-19 07:00:00,30000.0
2022-10-19 08:00:00,-0.0
2022-10-19 09:00:00,-0.0
2022-10-19 10:00:00,-0.0
2022-10-19 11:00:00,-0.0
2022-10-19 12:00:00,-0.0
2022-10-19 13:00:00,-0.0
2022-10-19 14:00:00,30000.0
2022-10-19 15:00:00,30000.0
2022-10-19 16:00:00,30000.0
2022-10-19 17:00:00,30000.0
2022-10-19 18:00:00,-0.0
2022-10-19 19:00:00,-0.0
2022-10-19 20:00:00,-0.0
2022-10-19 21:00:00,-0.0
2022-10-19 22:00:00,-0.0
2022-10-19 23:00:00,1.0
2022-10-20 00:00:00,-0.0
2022-10-20 01:00:00,-0.0
2022-10-20 02:00:00,1.0
2022-10-20 03:00:00,-0.0
2022-10-20 04:00:00,30000.0
2022-10-20 05:00:00,30000.0
2022-10-20 06:00:00,1.0
2022-10-20 07:00:00,-0.0
2022-10-20 08:00:00,-0.0
2022-10-20 09:00:00,-0.0
2022-10-20 10:00:00,-0.0
2022-10-20 11:00:00,-0.0
2022-10-20 12:00:00,-0.0
2022-10-20 13:00:00,30000.0
2022-10-20 14:00:00,30000.0
2022-10-20 15:00:00,30000.0
2022-10-20 16:00:00,30000.0
2022-10-20 17:00:00,30000.0
2022-10-20 18:00:00,395.0
2022-10-20 19:00:00,-0.0
2022-10-20 20:00:00,-0.0
2022-10-20 21:00:00,-0.0
2022-10-20 22:00:00,-0.0
2022-10-20 23:00:00,30000.0
2022-10-21 00:00:00,0.0
2022-10-21 01:00:00,-0.0
2022-10-21 02:00:00,0.0
2022-10-21 03:00:00,855.0
2022-10-21 04:00:00,505.0
2022-10-21 05:00:00,30000.0
2022-10-21 06:00:00,478.0
2022-10-21 07:00:00,30000.0
2022-10-21 08:00:00,30000.0
2022-10-21 09:00:00,0.0
2022-10-21 10:00:00,0.0
2022-10-21 11:00:00,0.0
2022-10-21 12:00:00,0.0
2022-10-21 13:00:00,3440.0
2022-10-21 14:00:00,30000.0
2022-10-21 15:00:00,30000.0
2022-10-21 16:00:00,30000.0
2022-10-21 17:00:00,3128.0
2022-10-21 18:00:00,2593.0
2022-10-21 19:00:00,0.0
2022-10-21 20:00:00,0.0
2022-10-21 21:00:00,0.0
2022-10-21 22:00:00,0.0
2022-10-21 23:00:00,30000.0
2022-10-22 00:00:00,0.0
2022-10-22 01:00:00,2474.0
2022-10-22 02:00:00,30000.0
2022-10-22 03:00:00,30000.0
2022-10-22 04:00:00,30000.0
2022-10-22 05:00:00,2076.0
2022-10-22 06:00:00,30000.0
2022-10-22 07:00:00,30000.0
2022-10-22 08:00:00,30000.0
2022-10-22 09:00:00,1373.0
2022-10-22 10:00:00,1257.0
2022-10-22 11:00:00,1372.0
2022-10-22 12:00:00,1582.0
2022-10-22 13:00:00,1601.0
2022-10-22 14:00:00,30000.0
2022-10-22 15:00:00,30000.0
2022-10-22 16:00:00,30000.0
2022-10-22 17:00:00,30000.0
2022-10-22 18:00:00,30000.0
2022-10-22 19:00:00,-0.0
2022-10-22 20:00:00,-0.0
2022-10-22 21:00:00,-0.0
2022-10-22 22:00:00,-0.0
2022-10-22 23:00:00,-0.0
2022-10-23 00:00:00,-0.0
2022-10-23 01:00:00,-0.0
2022-10-23 02:00:00,-0.0
2022-10-23 03:00:00,30000.0
2022-10-23 04:00:00,-0.0
2022-10-23 05:00:00,30000.0
2022-10-23 06:00:00,30000.0
2022-10-23 07:00:00,30000.0
2022-10-23 08:00:00,413.0
2022-10-23 09:00:00,-0.0
2022-10-23 10:00:00,-0.0
2022-10-23 11:00:00,-0.0
2022-10-23 12:00:00,-0.0
2022-10-23 13:00:00,166.0
2022-10-23 14:00:00,20.0
2022-10-23 15:00:00,148.0
2022-10-23 16:00:00,30000.0
2022-10-23 17:00:00,30000.0
2022-10-23 18:00:00,30000.0
2022-10-23 19:00:00,154.0
2022-10-23 20:00:00,132.0
2022-10-23 21:00:00,84.0
2022-10-23 22:00:00,165.0
2022-10-23 23:00:00,359.0
2022-10-24 00:00:00,-0.0
2022-10-24 01:00:00,-0.0
2022-10-24 02:00:00,-0.0
2022-10-24 03:00:00,30000.0
2022-10-24 04:00:00,30000.0
2022-10-24 05:00:00,30000.0
2022-10-24 06:00:00,30000.0
2022-10-24 07:00:00,30000.0
2022-10-24 08:00:00,-0.0
2022-10-24 09:00:00,1.0
2022-10-24 10:00:00,171.0
2022-10-24 11:00:00,-0.0
2022-10-24 12:00:00,-0.0
2022-10-24 13:00:00,65.0
2022-10-24 14:00:00,30000.0
2022-10-24 15:00:00,30000.0
2022-10-24 16:00:00,30000.0
2022-10-24 17:00:00,30000.0
2022-10-24 18:00:00,30000.0
2022-10-24 19:00:00,-0.0
2022-10-24 20:00:00,-0.0
2022-10-24 21:00:00,-0.0
2022-10-24 22:00:00,-0.0
2022-10-24 23:00:00,-0.0
2022-10-25 00:00:00,30000.0
2022-10-25 01:00:00,30000.0
2022-10-25 02:00:00,161.0
2022-10-25 03:00:00,30000.0
2022-10-25 04:00:00,30000.0
2022-10-25 05:00:00,108.0
2022-10-25 06:00:00,30000.0
2022-10-25 07:00:00,30000.0
2022-10-25 08:00:00,-0.0
2022-10-25 09:00:00,-0.0
2022-10-25 10:00:00,1.0
2022-10-25 11:00:00,-0.0
2022-10-25 12:00:00,-0.0
2022-10-25 13:00:00,30000.0
2022-10-25 14:00:00,30000.0
2022-10-25 15:00:00,30000.0
2022-10-25 16:00:00,30000.0
2022-10-25 17:00:00,30000.0
2022-10-25 18:00:00,30000.0
2022-10-25 19:00:00,-0.0
2022-10-25 20:00:00,0.0
2022-10-25 21:00:00,0.0
2022-10-25 22:00:00,1184.0
2022-10-25 23:00:00,1512.0
2022-10-26 00:00:00,0.0
2022-10-26 01:00:00,881.0
2022-10-26 02:00:00,30000.0
2022-10-26 03:00:00,30000.0
2022-10-26 04:00:00,30000.0
2022-10-26 05:00:00,30000.0
2022-10-26 06:00:00,30000.0
2022-10-26 07:00:00,30000.0
2022-10-26 08:00:00,0.0
2022-10-26 09:00:00,0.0
2022-10-26 10:00:00,0.0
2022-10-26 11:00:00,0.0
2022-10-26 12:00:00,30000.0
2022-10-26 13:00:00,30000.0
2022-10-26 14:00:00,30000.0
2022-10-26 15:00:00,30000.0
2022-10-26 16:00:00,1884.0
2022-10-26 17:00:00,30000.0
2022-10-26 18:00:00,0.0
2022-10-26 19:00:00,0.0
2022-10-26 20:00:00,-0.0
2022-10-26 21:00:00,-0.0
2022-10-26 22:00:00,-0.0
2022-10-26 23:00:00,30000.0
2022-10-27 00:00:00,30000.0
2022-10-27 01:00:00,30000.0
2022-10-27 02:00:00,371.0
2022-10-27 03:00:00,30000.0
2022-10-27 04:00:00,30000.0
2022-10-27 05:00:00,30000.0
2022-10-27 06:00:00,30000.0
2022-10-27 07:00:00,30000.0
2022-10-27 08:00:00,271.0
2022-10-27 09:00:00,387.0
2022-10-27 10:00:00,487.0
2022-10-27 11:00:00,-0.0
2022-10-27 12:00:00,-0.0
2022-10-27 13:00:00,30000.0
2022-10-27 14:00:00,30000.0
2022-10-27 15:00:00,30000.0
2022-10-27 16:00:00,30000.0
2022-10-27 17:00:00,1105.0
2022-10-27 18:00:00,0.0
2022-10-27 19:00:00,0.0
2022-10-27 20:00:00,2366.0
2022-10-27 21:00:00,2440.0
2022-10-27 22:00:00,3390.0
2022-10-27 23:00:00,0.0
2022-10-28 00:00:00,0.0
2022-10-28 01:00:00,30000.0
2022-10-28 02:00:00,0.0
2022-10-28 03:00:00,1564.0
2022-10-28 04:00:00,1727.0
2022-10-28 05:00:00,30000.0
2022-10-28 06:00:00,30000.0
2022-10-28 07:00:00,30000.0
2022-10-28 08:00:00,1720.0
2022-10-28 09:00:00,1797.0
2022-10-28 10:00:00,0.0
2022-10-28 11:00:00,0.0
2022-10-28 12:00:00,0.0
2022-10-28 13:00:00,1662.0
2022-10-28 14:00:00,30000.0
2022-10-28 15:00:00,30000.0
2022-10-28 16:00:00,30000.0
2022-10-28 17:00:00,30000.0
2022-10-28 18:00:00,277.0
2022-10-28 19:00:00,-0.0
2022-10-28 20:00:00,7.0
2022-10-28 21:00:00,-0.0
2022-10-28 22:00:00,-0.0
2022-10-28 23:00:00,-0.0
2022-10-29 00:00:00,-0.0
2022-10-29 01:00:00,-0.0
2022-10-29 02:00:00,-0.0
2022-10-29 03:00:00,1.0
2022-10-29 04:00:00,30000.0
2022-10-29 05:00:00,30000.0
2022-10-29 06:00:00,30000.0
2022-10-29 07:00:00,-0.0
2022-10-29 08:00:00,-0.0
2022-10-29 09:00:00,-0.0
2022-10-29 10:00:00,-0.0
2022-10-29 11:00:00,-0.0
2022-10-29 12:00:00,-0.0
2022-10-29 13:00:00,30000.0
2022-10-29 14:00:00,30000.0
2022-10-29 15:00:00,30000.0
2022-10-29 16:00:00,30000.0
2022-10-29 17:00:00,94.0
2022-10-29 18:00:00,-0.0
2022-10-29 19:00:00,-0.0
2022-10-29 20:00:00,-0.0
2022-10-29 21:00:00,302.0
2022-10-29 22:00:00,245.0
2022-10-29 23:00:00,30000.0
2022-10-30 01:00:00,-0.0
2022-10-30 02:00:00,-0.0
2022-10-30 03:00:00,-0.0
2022-10-30 04:00:00,-0.0
2022-10-30 05:00:00,-0.0
2022-10-30 06:00:00,-0.0
2022-10-30 07:00:00,-0.0
2022-10-30 08:00:00,-0.0
2022-10-30 09:00:00,-0.0
2022-10-30 10:00:00,1.0
2022-10-30 11:00:00,-0.0
2022-10-30 12:00:00,-0.0
2022-10-30 13:00:00,-0.0
2022-10-30 14:00:00,-0.0
2022-10-30 15:00:00,-0.0
2022-10-30 16:00:00,1.0
2022-10-30 17:00:00,-0.0
2022-10-30 18:00:00,-0.0
2022-10-30 19:00:00,-0.0
2022-10-30 20:00:00,-0.0
2022-10-30 21:00:00,-0.0
2022-10-30 22:00:00,-0.0
2022-10-30 23:00:00,-0.0
2022-10-31 00:00:00,-0.0
2022-10-31 01:00:00,-0.0
2022-10-31 02:00:00,-0.0
2022-10-31 03:00:00,-0.0
2022-10-31 04:00:00,-0.0
2022-10-31 05:00:00,533.0
2022-10-31 06:00:00,392.0
2022-10-31 07:00:00,-0.0
2022-10-31 08:00:00,-0.0
2022-10-31 09:00:00,127.0
2022-10-31 10:00:00,-0.0
2022-10-31 11:00:00,30000.0
2022-10-31 12:00:00,-0.0
2022-10-31 13:00:00,-0.0
2022-10-31 14:00:00,1.0
2022-10-31 15:00:00,2.0
2022-10-31 16:00:00,2.0
2022-10-31 17:00:00,30000.0
2022-10-31 18:00:00,2.0
2022-10-31 19:00:00,2.0
2022-10-31 20:00:00,2.0
2022-10-31 21:00:00,2.0
2022-10-31 22:00:00,1.0
2022-10-31 23:00:00,1.0
2022-11-01 00:00:00,-0.0
2022-11-01 01:00:00,-0.0
2022-11-01 02:00:00,30000.0
2022-11-01 03:00:00,-0.0
2022-11-01 04:00:00,30000.0
2022-11-01 05:00:00,1.0
2022-11-01 06:00:00,1.0
2022-11-01 07:00:00,1.0
2022-11-01 08:00:00,-0.0
2022-11-01 09:00:00,-0.0
2022-11-01 10:00:00,-0.0
2022-11-01 11:00:00,-0.0
2022-11-01 12:00:00,-0.0
2022-11-01 13:00:00,-0.0
2022-11-01 14:00:00,-0.0
2022-11-01 15:00:00,-0.0
2022-11-01 16:00:00,-0.0
2022-11-01 17:00:00,-0.0
2022-11-01 18:00:00,-0.0
2022-11-01 19:00:00,-0.0
2022-11-01 20:00:00,-0.0
2022-11-01 21:00:00,30000.0
2022-11-01 22:00:00,-0.0
2022-11-01 23:00:00,144.0
2022-11-02 00:00:00,94.0
2022-11-02 01:00:00,1.0
2022-11-02 02:00:00,2.0
2022-11-02 03:00:00,1.0
2022-11-02 04:00:00,1.0
2022-11-02 05:00:00,1.0
2022-11-02 06:00:00,30000.0
2022-11-02 07:00:00,-0.0
2022-11-02 08:00:00,-0.0
2022-11-02 09:00:00,-0.0
2022-11-02 10:00:00,-0.0
2022-11-02 11:00:00,-0.0
2022-11-02 12:00:00,-0.0
2022-11-02 13:00:00,1.0
2022-11-02 14:00:00,2.0
2022-11-02 15:00:00,1.0
2022-11-02 16:00:00,2.0
2022-11-02 17:00:00,-0.0
2022-11-02 18:00:00,-0.0
2022-11-02 19:00:00,-0.0
2022-11-02 20:00:00,-0.0
2022-11-02 21:00:00,-0.0
2022-11-02 22:00:00,-0.0
2022-11-02 23:00:00,58.0
2022-11-03 00:00:00,-0.0
2022-11-03 01:00:00,-0.0
2022-11-03 02:00:00,-0.0
2022-11-03 03:00:00,-0.0
2022-11-03 04:00:00,-0.0
2022-11-03 05:00:00,-0.0
2022-11-03 06:00:00,-0.0
2022-11-03 07:00:00,538.0
2022-11-03 08:00:00,901.0
2022-11-03 09:00:00,978.0
2022-11-03 10:00:00,30000.0
2022-11-03 11:00:00,981.0
2022-11-03 12:00:00,1007.0
2022-11-03 13:00:00,1024.0
2022-11-03 14:00:00,1105.0
2022-11-03 15:00:00,1204.0
2022-11-03 16:00:00,-0.0
2022-11-03 17:00:00,-0.0
2022-11-03 18:00:00,-0.0
2022-11-03 19:00:00,395.0
2022-11-03 20:00:00,265.0
2022-11-03 21:00:00,-0.0
2022-11-03 22:00:00,11.0
2022-11-03 23:00:00,30000.0
2022-11-04 00:00:00,30000.0
2022-11-04 01:00:00,-0.0
2022-11-04 02:00:00,-0.0
2022-11-04 03:00:00,-0.0
2022-11-04 04:00:00,381.0
2022-11-04 05:00:00,-0.0
2022-11-04 06:00:00,-0.0
2022-11-04 07:00:00,-0.0
2022-11-04 08:00:00,801.0
2022-11-04 09:00:00,-0.0
2022-11-04 10:00:00,1419.0
2022-11-04 11:00:00,30000.0
2022-11-04 12:00:00,1134.0
2022-11-04 13:00:00,30000.0
2022-11-04 14:00:00,30000.0
2022-11-04 15:00:00,1796.0
2022-11-04 16:00:00,1910.0
2022-11-04 17:00:00,1545.0
2022-11-04 18:00:00,30000.0
2022-11-04 19:00:00,30000.0
2022-11-04 20:00:00,753.0
2022-11-04 21:00:00,757.0
2022-11-04 22:00:00,947.0
2022-11-04 23:00:00,30000.0
2022-11-05 00:00:00,30000.0
2022-11-05 01:00:00,1562.0
2022-11-05 02:00:00,30000.0
2022-11-05 03:00:00,30000.0
2022-11-05 04:00:00,30000.0
2022-11-05 05:00:00,30000.0
2022-11-05 06:00:00,1321.0
2022-11-05 07:00:00,30000.0
2022-11-05 08:00:00,30000.0
2022-11-05 09:00:00,-0.0
2022-11-05 10:00:00,-0.0
2022-11-05 11:00:00,1109.0
2022-11-05 12:00:00,1086.0
2022-11-05 13:00:00,1446.0
2022-11-05 14:00:00,30000.0
2022-11-05 15:00:00,1090.0
2022-11-05 16:00:00,1082.0
2022-11-05 17:00:00,30000.0
2022-11-05 18:00:00,-0.0
2022-11-05 19:00:00,-0.0
2022-11-05 20:00:00,30000.0
2022-11-05 21:00:00,30000.0
2022-11-05 22:00:00,30000.0
2022-11-05 23:00:00,30000.0
2022-11-06 00:00:00,946.0
2022-11-06 01:00:00,30000.0
2022-11-06 02:00:00,30000.0
2022-11-06 03:00:00,30000.0
2022-11-06 04:00:00,30000.0
2022-11-06 05:00:00,30000.0
2022-11-06 06:00:00,30000.0
2022-11-06 07:00:00,30000.0
2022-11-06 08:00:00,30000.0
2022-11-06 09:00:00,30000.0
2022-11-06 10:00:00,4427.0
2022-11-06 11:00:00,30000.0
2022-11-06 12:00:00,4519.0
2022-11-06 13:00:00,4240.0
2022-11-06 14:00:00,30000.0
2022-11-06 15:00:00,3718.0
2022-11-06 16:00:00,3240.0
2022-11-06 17:00:00,3407.0
2022-11-06 18:00:00,2946.0
2022-11-06 19:00:00,30000.0
2022-11-06 20:00:00,2622.0
2022-11-06 21:00:00,2530.0
2022-11-06 22:00:00,2023.0
2022-11-06 23:00:00,1342.0
2022-11-07 00:00:00,-0.0
2022-11-07 01:00:00,-0.0
2022-11-07 02:00:00,-0.0
2022-11-07 03:00:00,-0.0
2022-11-07 04:00:00,857.0
2022-11-07 05:00:00,944.0
2022-11-07 06:00:00,30000.0
2022-11-07 07:00:00,-0.0
2022-11-07 08:00:00,-0.0
2022-11-07 09:00:00,601.0
2022-11-07 10:00:00,879.0
2022-11-07 11:00:00,30000.0
2022-11-07 12:00:00,1254.0
2022-11-07 13:00:00,2091.0
2022-11-07 14:00:00,1575.0
2022-11-07 15:00:00,1615.0
2022-11-07 16:00:00,30000.0
2022-11-07 17:00:00,-0.0
2022-11-07 18:00:00,-0.0
2022-11-07 19:00:00,-0.0
2022-11-07 20:00:00,-0.0
2022-11-07 21:00:00,-0.0
2022-11-07 22:00:00,-0.0
2022-11-07 23:00:00,-0.0
2022-11-08 00:00:00,-0.0
2022-11-08 01:00:00,1.0
2022-11-08 02:00:00,-0.0
2022-11-08 03:00:00,1.0
2022-11-08 04:00:00,1.0
2022-11-08 05:00:00,-0.0
2022-11-08 06:00:00,30000.0
2022-11-08 07:00:00,-0.0
2022-11-08 08:00:00,-0.0
2022-11-08 09:00:00,-0.0
2022-11-08 10:00:00,-0.0
2022-11-08 11:00:00,-0.0
2022-11-08 12:00:00,-0.0
2022-11-08 13:00:00,-0.0
2022-11-08 14:00:00,-0.0
2022-11-08 15:00:00,-0.0
2022-11-08 16:00:00,1.0
2022-11-08 17:00:00,-0.0
2022-11-08 18:00:00,1.0
2022-11-08 19:00:00,1.0
2022-11-08 20:00:00,-0.0
2022-11-08 21:00:00,-0.0
2022-11-08 22:00:00,1.0
2022-11-08 23:00:00,91.0
2022-11-09 00:00:00,1.0
2022-11-09 01:00:00,-0.0
2022-11-09 02:00:00,-0.0
2022-11-09 03:00:00,-0.0
2022-11-09 04:00:00,-0.0
2022-11-09 05:00:00,-0.0
2022-11-09 06:00:00,30000.0
2022-11-09 07:00:00,-0.0
2022-11-09 08:00:00,-0.0
2022-11-09 09:00:00,1.0
2022-11-09 10:00:00,1.0
2022-11-09 11:00:00,-0.0
2022-11-09 12:00:00,-0.0
2022-11-09 13:00:00,30000.0
2022-11-09 14:00:00,-0.0
2022-11-09 15:00:00,-0.0
2022-11-09 16:00:00,-0.0
2022-11-09 17:00:00,-0.0
2022-11-09 18:00:00,-0.0
2022-11-09 19:00:00,617.0
2022-11-09 20:00:00,569.0
2022-11-09 21:00:00,544.0
2022-11-09 22:00:00,777.0
2022-11-09 23:00:00,30000.0
2022-11-10 00:00:00,1467.0
2022-11-10 01:00:00,1979.0
2022-11-10 02:00:00,30000.0
2022-11-10 03:00:00,30000.0
2022-11-10 04:00:00,30000.0
2022-11-10 05:00:00,30000.0
2022-11-10 06:00:00,30000.0
2022-11-10 07:00:00,3236.0
2022-11-10 08:00:00,30000.0
2022-11-10 09:00:00,30000.0
2022-11-10 10:00:00,4364.0
2022-11-10 11:00:00,4231.0
2022-11-10 12:00:00,4393.0
2022-11-10 13:00:00,30000.0
2022-11-10 14:00:00,30000.0
2022-11-10 15:00:00,30000.0
2022-11-10 16:00:00,30000.0
2022-11-10 17:00:00,30000.0
2022-11-10 18:00:00,30000.0
2022-11-10 19:00:00,3553.0
2022-11-10 20:00:00,2979.0
2022-11-10 21:00:00,30000.0
2022-11-10 22:00:00,1912.0
2022-11-10 23:00:00,30000.0
2022-11-11 00:00:00,30000.0
2022-11-11 01:00:00,2699.0
2022-11-11 02:00:00,30000.0
2022-11-11 03:00:00,30000.0
2022-11-11 04:00:00,30000.0
2022-11-11 05:00:00,30000.0
2022-11-11 06:00:00,4354.0
2022-11-11 07:00:00,4328.0
2022-11-11 08:00:00,4810.0
2022-11-11 09:00:00,30000.0
2022-11-11 10:00:00,30000.0
2022-11-11 11:00:00,4863.0
2022-11-11 12:00:00,5476.0
2022-11-11 13:00:00,4966.0
2022-11-11 14:00:00,4053.0
2022-11-11 15:00:00,4538.0
2022-11-11 16:00:00,4041.0
2022-11-11 17:00:00,3958.0
2022-11-11 18:00:00,4057.0
2022-11-11 19:00:00,30000.0
2022-11-11 20:00:00,30000.0
2022-11-11 21:00:00,3793.0
2022-11-11 22:00:00,3393.0
2022-11-11 23:00:00,3236.0
2022-11-12 00:00:00,30000.0
2022-11-12 01:00:00,3460.0
2022-11-12 02:00:00,3307.0
2022-11-12 03:00:00,3090.0
2022-11-12 04:00:00,2792.0
2022-11-12 05:00:00,2321.0
2022-11-12 06:00:00,2183.0
2022-11-12 07:00:00,2036.0
2022-11-12 08:00:00,1745.0
2022-11-12 09:00:00,1698.0
2022-11-12 10:00:00,1828.0
2022-11-12 11:00:00,30000.0
2022-11-12 12:00:00,1853.0
2022-11-12 13:00:00,1355.0
2022-11-12 14:00:00,1917.0
2022-11-12 15:00:00,2301.0
2022-11-12 16:00:00,1608.0
2022-11-12 17:00:00,1197.0
2022-11-12 18:00:00,1245.0
2022-11-12 19:00:00,1328.0
2022-11-12 20:00:00,1444.0
2022-11-12 21:00:00,30000.0
2022-11-12 22:00:00,2240.0
2022-11-12 23:00:00,2731.0
2022-11-13 00:00:00,2597.0
2022-11-13 01:00:00,2418.0
2022-11-13 02:00:00,2065.0
2022-11-13 03:00:00,1760.0
2022-11-13 04:00:00,1158.0
2022-11-13 05:00:00,30000.0
2022-11-13 06:00:00,-0.0
2022-11-13 07:00:00,-0.0
2022-11-13 08:00:00,1223.0
2022-11-13 09:00:00,982.0
2022-11-13 10:00:00,-0.0
2022-11-13 11:00:00,-0.0
2022-11-13 12:00:00,-0.0
2022-11-13 13:00:00,-0.0
2022-11-13 14:00:00,30000.0
2022-11-13 15:00:00,30000.0
2022-11-13 16:00:00,1119.0
2022-11-13 17:00:00,-0.0
2022-11-13 18:00:00,-0.0
2022-11-13 19:00:00,1.0
2022-11-13 20:00:00,-0.0
2022-11-13 21:00:00,-0.0
2022-11-13 22:00:00,-0.0
2022-11-13 23:00:00,-0.0
2022-11-14 00:00:00,1415.0
2022-11-14 01:00:00,30000.0
2022-11-14 02:00:00,2703.0
2022-11-14 03:00:00,30000.0
2022-11-14 04:00:00,4283.0
2022-11-14 05:00:00,3626.0
2022-11-14 06:00:00,30000.0
2022-11-14 07:00:00,2841.0
2022-11-14 08:00:00,30000.0
2022-11-14 09:00:00,2155.0
2022-11-14 10:00:00,2265.0
2022-11-14 11:00:00,1980.0
2022-11-14 12:00:00,2429.0
2022-11-14 13:00:00,2441.0
2022-11-14 14:00:00,1860.0
2022-11-14 15:00:00,2007.0
2022-11-14 16:00:00,2013.0
2022-11-14 17:00:00,30000.0
2022-11-14 18:00:00,1264.0
2022-11-14 19:00:00,1364.0
2022-11-14 20:00:00,-0.0
2022-11-14 21:00:00,-0.0
2022-11-14 22:00:00,-0.0
2022-11-14 23:00:00,-0.0
2022-11-15 00:00:00,30000.0
2022-11-15 01:00:00,54.0
2022-11-15 02:00:00,-0.0
2022-11-15 03:00:00,-0.0
2022-11-15 04:00:00,-0.0
2022-11-15 05:00:00,-0.0
2022-11-15 06:00:00,-0.0
2022-11-15 07:00:00,-0.0
2022-11-15 08:00:00,-0.0
2022-11-15 09:00:00,424.0
2022-11-15 10:00:00,-0.0
2022-11-15 11:00:00,-0.0
2022-11-15 12:00:00,30000.0
2022-11-15 13:00:00,1.0
2022-11-15 14:00:00,1.0
2022-11-15 15:00:00,-0.0
2022-11-15 16:00:00,-0.0
2022-11-15 17:00:00,-0.0
2022-11-15 18:00:00,-0.0
2022-11-15 19:00:00,-0.0
2022-11-15 20:00:00,-0.0
2022-11-15 21:00:00,61.0
2022-11-15 22:00:00,-0.0
2022-11-15 23:00:00,-0.0
2022-11-16 00:00:00,-0.0
2022-11-16 01:00:00,-0.0
2022-11-16 02:00:00,1.0
2022-11-16 03:00:00,-0.0
2022-11-16 04:00:00,-0.0
2022-11-16 05:00:00,-0.0
2022-11-16 06:00:00,47.0
2022-11-16 07:00:00,-0.0
2022-11-16 08:00:00,-0.0
2022-11-16 09:00:00,-0.0
2022-11-16 10:00:00,-0.0
2022-11-16 11:00:00,-0.0
2022-11-16 12:00:00,1.0
2022-11-16 13:00:00,-0.0
2022-11-16 14:00:00,-0.0
2022-11-16 15:00:00,-0.0
2022-11-16 16:00:00,-0.0
2022-11-16 17:00:00,-0.0
2022-11-16 18:00:00,-0.0
2022-11-16 19:00:00,-0.0
2022-11-16 20:00:00,1227.0
2022-11-16 21:00:00,1066.0
2022-11-16 22:00:00,-0.0
2022-11-16 23:00:00,1319.0
2022-11-17 00:00:00,1771.0
2022-11-17 01:00:00,1816.0
2022-11-17 02:00:00,1561.0
2022-11-17 03:00:00,1771.0
2022-11-17 04:00:00,2527.0
2022-11-17 05:00:00,2965.0
2022-11-17 06:00:00,30000.0
2022-11-17 07:00:00,3120.0
2022-11-17 08:00:00,2827.0
2022-11-17 09:00:00,1561.0
2022-11-17 10:00:00,-0.0
2022-11-17 11:00:00,-0.0
2022-11-17 12:00:00,-0.0
2022-11-17 13:00:00,1031.0
2022-11-17 14:00:00,30000.0
2022-11-17 15:00:00,2144.0
2022-11-17 16:00:00,1429.0
2022-11-17 17:00:00,30000.0
2022-11-17 18:00:00,3339.0
2022-11-17 19:00:00,3529.0
2022-11-17 20:00:00,2441.0
2022-11-17 21:00:00,3284.0
2022-11-17 22:00:00,5113.0
2022-11-17 23:00:00,5837.0
2022-11-18 00:00:00,5819.0
2022-11-18 01:00:00,5693.0
2022-11-18 02:00:00,30000.0
2022-11-18 03:00:00,5098.0
2022-11-18 04:00:00,5160.0
2022-11-18 05:00:00,30000.0
2022-11-18 06:00:00,5537.0
2022-11-18 07:00:00,5692.0
2022-11-18 08:00:00,5662.0
2022-11-18 09:00:00,5682.0
2022-11-18 10:00:00,30000.0
2022-11-18 11:00:00,30000.0
2022-11-18 12:00:00,5813.0
2022-11-18 13:00:00,30000.0
2022-11-18 14:00:00,5280.0
2022-11-18 15:00:00,5480.0
2022-11-18 16:00:00,30000.0
2022-11-18 17:00:00,4466.0
2022-11-18 18:00:00,5139.0
2022-11-18 19:00:00,30000.0
2022-11-18 20:00:00,5337.0
2022-11-18 21:00:00,5126.0
2022-11-18 22:00:00,4132.0
2022-11-18 23:00:00,4380.0
2022-11-19 00:00:00,4425.0
2022-11-19 01:00:00,4503.0
2022-11-19 02:00:00,4362.0
2022-11-19 03:00:00,4290.0
2022-11-19 04:00:00,3125.0
2022-11-19 05:00:00,1881.0
2022-11-19 06:00:00,1684.0
2022-11-19 07:00:00,1940.0
2022-11-19 08:00:00,30000.0
2022-11-19 09:00:00,2620.0
2022-11-19 10:00:00,4176.0
2022-11-19 11:00:00,5275.0
2022-11-19 12:00:00,3797.0
2022-11-19 13:00:00,3303.0
2022-11-19 14:00:00,30000.0
2022-11-19 15:00:00,5128.0
2022-11-19 16:00:00,30000.0
2022-11-19 17:00:00,5346.0
2022-11-19 18:00:00,4922.0
2022-11-19 19:00:00,4857.0
2022-11-19 20:00:00,4570.0
2022-11-19 21:00:00,30000.0
2022-11-19 22:00:00,30000.0
2022-11-19 23:00:00,2657.0
2022-11-20 00:00:00,1598.0
2022-11-20 01:00:00,30000.0
2022-11-20 02:00:00,30000.0
2022-11-20 03:00:00,3942.0
2022-11-20 04:00:00,2336.0
2022-11-20 05:00:00,2718.0
2022-11-20 06:00:00,3151.0
2022-11-20 07:00:00,2977.0
2022-11-20 08:00:00,30000.0
2022-11-20 09:00:00,30000.0
2022-11-20 10:00:00,30000.0
2022-11-20 11:00:00,3744.0
2022-11-20 12:00:00,2814.0
2022-11-20 13:00:00,3177.0
2022-11-20 14:00:00,30000.0
2022-11-20 15:00:00,3763.0
2022-11-20 16:00:00,30000.0
2022-11-20 17:00:00,30000.0
2022-11-20 18:00:00,4479.0
2022-11-20 19:00:00,30000.0
2022-11-20 20:00:00,30000.0
2022-11-20 21:00:00,30000.0
2022-11-20 22:00:00,30000.0
2022-11-20 23:00:00,5322.0
2022-11-21 00:00:00,4143.0
2022-11-21 01:00:00,4049.0
2022-11-21 02:00:00,2080.0
2022-11-21 03:00:00,2112.0
2022-11-21 04:00:00,1925.0
2022-11-21 05:00:00,3544.0
2022-11-21 06:00:00,30000.0
2022-11-21 07:00:00,3964.0
2022-11-21 08:00:00,30000.0
2022-11-21 09:00:00,30000.0
2022-11-21 10:00:00,30000.0
2022-11-21 11:00:00,30000.0
2022-11-21 12:00:00,30000.0
2022-11-21 13:00:00,5042.0
2022-11-21 14:00:00,30000.0
2022-11-21 15:00:00,3985.0
2022-11-21 16:00:00,3485.0
2022-11-21 17:00:00,3800.0
2022-11-21 18:00:00,30000.0
2022-11-21 19:00:00,30000.0
2022-11-21 20:00:00,30000.0
2022-11-21 21:00:00,30000.0
2022-11-21 22:00:00,30000.0
2022-11-21 23:00:00,30000.0
2022-11-22 00:00:00,1692.0
2022-11-22 01:00:00,1947.0
2022-11-22 02:00:00,2268.0
2022-11-22 03:00:00,3712.0
2022-11-22 04:00:00,3508.0
2022-11-22 05:00:00,30000.0
2022-11-22 06:00:00,30000.0
2022-11-22 07:00:00,30000.0
2022-11-22 08:00:00,30000.0
2022-11-22 09:00:00,4595.0
2022-11-22 10:00:00,3607.0
2022-11-22 11:00:00,3100.0
2022-11-22 12:00:00,3514.0
